apo_pdb_id,apo_chain,holo_pdb_id,holo_chain,ligand_id,ligand_resnum,ligand_chain,site_residues,site_size
3CHE,A,2IUZ,B,D1H,1438,B,52 57 76 135 136 137 138 139 177 243 245 246 299 301 384 ,15
2AKA,A,1YV3,A,BIT, 800,A,238 239 240 261 262 263 264 455 456 466 467 470 471 474 630 634 637 638 641 ,19
2GFC,A,2JDS,A,L20,1351,A,49 50 51 52 53 54 55 56 57 70 72 74 91 104 120 121 122 123 166 168 170 171 173 183 184 327 ,26
1ALB,A,1LIC,A,HDS, 133,A,16 19 20 25 29 32 33 38 40 55 57 58 75 76 78 104 106 115 126 128 ,20
1NEP,A,2HKA,C,C3S, 401,C,20 30 36 37 38 55 56 57 59 64 66 94 95 96 100 101 103 105 107 109 122 124 126 128 ,24
3MN9,A,3EKS,A,CY9, 903,A,133 134 135 136 139 140 143 168 169 170 171 172 346 351 352 355 372 373 374 375 ,20
1ALV,A,1NX3,A,ISA, 267,A,122 125 126 129 132 137 166 169 170 173 224 ,11
2YQC,A,2YQS,A,UD1,1001,A,109 110 111 112 116 168 199 224 225 226 227 254 255 256 257 292 293 294 307 309 310 335 336 337 391 393 394 395 417 419 421 ,31
2QFO,B,2WI7,A,2KL,1224,A,48 51 52 55 58 93 96 97 98 102 107 110 135 136 138 139 150 154 184 186 ,20
1RTC,A,1BR6,A,PT1, 301,A,78 79 80 81 93 121 122 123 126 172 176 177 180 208 211 ,15
1RDW,X,1J6Z,A,RHO,1381,A,104 133 143 346 347 349 352 353 355 356 ,10
1TQO,A,1TR5,A,THP, 300,A,21 22 35 36 37 38 39 40 43 83 84 85 87 89 113 115 ,16
3PUW,E,1FQC,A,GLO,1000,A,12 14 15 44 61 62 63 111 153 230 262 ,11
3L7U,C,2HVD,C,ADP, 160,C,12 52 55 58 60 64 88 94 105 112 113 115 117 118 119 121 ,16
1R1W,A,3F82,A,353,2001,A,1084 1092 1108 1109 1110 1124 1127 1128 1131 1134 1139 1140 1155 1157 1158 1159 1160 1163 1195 1200 1202 1211 1220 1221 1222 1223 ,26
1G4E,B,1G67,B,POP/TZP,2004/2006,B/B,1057 1059 1061 1092 1093 1107 1108 1109 1110 1111 1112 1130 1132 1159 1152 1156 1158 1162 1186 1187 1188 1189 1206 1207 1208 1209 1210,27
3F74,C,3BQM,C,BQM,   1,C,130 132 134 153 157 161 166 231 233 235 255 257 258 259 284 285 286 287 298 302 ,20
1MY1,C,1FTL,A,DNQ, 365,A,13 16 61 89 90 91 96 174 192 193 195 196 220 ,13
2WGQ,B,1D6Y,B,HY1,3001,B,192 223 224 225 257 381 383 387 463 464 465 ,11
1DUB,D,1EY3,F,DAK, 505,F,56 57 58 60 92 96 97 98 99 100 101 103 117 120 137 139 140 141 144 163 164 167 172 173 197 ,25
1PZT,A,1PZY,D,UDP, 409,D,186 187 188 189 191 226 228 252 253 254 279 314 344 347 350 353 ,16
1XMG,B,1XVC,A,5BR,1628,A,102 105 106 109 184 216 282 285 286 288 289 ,11
1IMF,A,1IMB,B,LIP, 279,B,70 90 92 93 94 95 96 162 164 165 194 195 196 197 211 213 216 220 ,18
2AX9,A,2PIQ,A,RB1, 933,A,712 716 720 730 734 737 738 894 898 ,9
1EXM,A,1HA3,B,MAU, 408,B,93 97 117 118 121 122 124 125 126 127 160 161 162 321 323 325 326 327 328 343 344 345 385 386 387 389 394 396 397 398 ,30
3KQA,B,3LTH,A,UD1, 450,A,22 23 26 91 92 95 120 121 122 123 124 125 160 161 162 163 164 165 188 304 305 327 328 329 331 ,25
2BF3,A,3DHH,E,BML, 507,E,74 75 77 78 81 88 90 91 95 ,9
1CLL,A,1CTR,A,TFP, 153,A,11 92 100 105 109 123 124 125 127 128 136 141 143 144 147 ,15
3H5R,A,3H9J,D,APC, 359,D,124 125 126 148 157 158 170 212 214 239 ,10
1NI6,D,3HOK,B,Q80, 301,B,25 28 31 32 35 42 47 50 54 136 139 140 142 143 147 166 167 210 211 214 215 ,21
1QLW,B,2WKW,B,W22, 577,B,70 71 72 73 134 136 141 144 145 172 205 206 207 232 261 262 265 298 ,18
1HAG,E,1GHY,H,121, 246,H,57 99 189 190 191 192 193 194 195 213 214 215 216 217 219 220 221 225 226 227 228 ,21
1OK8,A,1OKE,B,BOG,1400,B,48 49 50 130 135 193 198 200 205 207 270 271 274 277 279 280 281 ,17
3DXN,A,3HZT,A,J60, 540,A,81 82 83 85 90 103 105 137 153 154 155 156 157 206 219 220 371 468 ,18
1K5H,C,2EGH,B,FOM,2001,B,149 150 151 183 184 185 186 187 210 211 213 221 226 227 230 275 ,16
1HKA,A,3IP0,A,HHS, 182,A,8 42 43 44 45 46 52 53 55 82 89 90 92 95 97 121 123 ,17
2BU8,A,2BU2,A,TF1,1387,A,23 27 28 31 40 41 44 45 159 160 161 163 164 167 168 ,15
2OHG,A,2OHV,A,NHL, 400,A,11 12 13 14 36 38 39 50 53 54 57 73 75 76 117 119 120 148 152 185 ,20
2BLS,B,3GQZ,A,GF7, 362,A,119 148 150 272 290 291 292 293 294 315 ,10
1RHB,A,2W5K,B,NDP,1125,B,8 11 12 41 65 67 69 109 118 119 120 121 ,12
1ADE,A,1CIB,A,IMP, 440,A,11 12 13 38 39 40 114 126 127 128 129 130 133 134 224 228 238 239 240 272 273 274 275 303 ,24
1KS9,A,2OFP,A,PAF, 602,A,98 179 180 183 184 194 234 238 243 244 ,10
1H09,A,2IXU,A,MU2,1341,A,127 128 129 151 152 153 154 155 156 164 ,10
3BL9,B,3BL7,A,DD1, 901,A,54 63 142 143 175 179 185 188 203 204 205 206 219 272 273 ,15
1BP5,A,1RYO,A,OXL, 328,A,63 95 120 124 125 126 127 128 187 188 204 249 ,12
2Q8F,A,2Q8H,A,TF4, 438,A,87 114 117 145 149 152 187 188 191 192 195 ,11
2IYT,A,2IYQ,A,ADP/SKM, 202/201,A/A,10 11 12 13 14 15 16 17 18 110 117 150 153 154 155 158 34 45 49 57 58 61 79 80 81 116 118 119 132 136,30
1EX6,A,1GKY,A,5GP, 187,A,10 34 38 41 44 50 69 71 73 78 79 80 98 99 100 102 103 ,17
1RRG,A,1S9D,A,AFB, 403,A,18 51 53 64 65 66 67 74 78 81 ,10
1ECJ,D,1ECC,B,PCP, 505,B,258 301 302 303 304 326 331 332 333 334 335 349 366 367 368 369 370 371 372 373 374 375 ,22
2CM2,A,2H4K,A,509, 300,A,46 48 49 115 120 180 181 182 183 215 216 217 219 220 221 262 266 ,17
1NUW,A,1EYJ,B,AMP, 342,B,17 18 20 21 24 26 27 28 29 30 31 34 112 113 140 160 177 ,17
3CJ0,A,2BRL,A,POO,1534,A,37 392 393 395 396 399 424 425 428 429 492 493 494 495 500 503 ,16
3CJ0,A,3FQK,B,79Z, 571,B,192 193 197 200 204 314 315 316 319 320 321 360 363 364 365 366 368 369 370 384 414 415 448 ,23
1UK2,A,2GZ7,A,D3F, 307,A,27 39 41 49 145 163 164 165 166 167 168 186 187 188 189 190 192 ,17
2WGB,A,2V57,A,PRL,1188,A,67 70 71 74 95 106 121 122 123 124 125 148 152 ,13
1HOO,B,1CIB,A,HDA, 437,A,13 38 39 40 41 129 273 298 299 300 301 302 303 305 ,14
1FA9,A,1L5S,B,URC,1863,B,282 283 285 287 382 572 610 611 612 613 ,10
1W50,A,3IXJ,C,586, 500,C,59 60 61 62 78 80 82 83 84 117 118 119 120 121 122 123 155 156 158 163 166 174 176 246 274 276 277 278 279 280 281 283 369 373 383 ,35
3B7D,E,2AL4,F,CX6, 803,F,105 106 107 108 217 218 219 242 247 ,9
1PKL,B,3HQP,P,ATP/FDP/OXL,1001/700/510,P/P/P,26 27 28 29 49 51 53 54 55 59 60 83 90 145 174 175 176 211 238 240 264 296 330 331 334 335 399 400 401 402 403 404 405 453 456 479 480 481 485 486 487 488 489 259 261 262 263 295,48
1K3F,B,1U1D,F,181,8400,F,69 94 95 96 162 166 168 195 196 197 220 221 223 227 229 234 ,16
1FVR,A,2OO8,X,RAJ,   1,X,838 853 854 855 872 875 876 879 886 900 902 903 904 905 955 960 962 971 980 981 982 983 984 ,23
3HQD,A,1Q0B,B,NAT, 605,B,115 116 117 118 119 127 130 132 133 134 136 137 211 214 215 218 ,16
2ZB1,A,2NPQ,A,BOG,1000,A, 191  192  195  197  198  199  200  201  232  236  242  246  249  259  291  292  293  294  296 229 233 255 258,23
3PEO,G,2BYS,J,LOB, 301,J,91 92 93 143 144 145 146 147 148 188 190 191 195 196 197 ,15
2BRK,A,2GIR,B,NN3,2001,B,419 422 423 474 475 476 477 482 485 486 489 497 528 ,13
2H4E,B,3CFN,B,2AN,   1,B,15 16 17 24 52 53 108 109 110 119 ,10
2CGA,B,1AFQ,C,0FG, 301,C,189 190 191 192 195 213 214 215 216 217 218 220 226 ,13
1XCG,B,1OW3,B,GDP, 680,B,13 14 15 16 17 18 19 20 21 30 31 33 34 35 37 59 118 120 121 160 161 162 ,22
1FXX,A,3HL8,A,BBP, 501,A,228 245 264 312 313 315 316 317 327 330 331 334 ,12
4AKE,B,1ANK,B,ANP, 216,B,8 9 10 11 12 13 14 15 16 36 84 88 119 120 122 123 124 132 133 134 137 138 156 167 198 199 200 201 202 205 ,30
3NNU,A,3HL7,A,I46, 402,A,190 191 194 196 231 235 241 245 248 249 250 258 290 291 292 295 ,16
1A8I,A,2IEG,B,FRY, 902,B,60 63 64 67 188 189 190 191 192 194 229 ,11
1SWX,A,2EUM,A,LAT, 300,A,48 52 55 89 92 93 96 207 209 ,9
2QLR,C,3DC1,A,AKG, 426,A,18 39 40 74 75 293 ,6
2F6V,A,1T49,A,892, 301,A,187 188 189 192 193 196 197 200 276 277 279 280 281 282 ,14
1G24,D,1GZF,C,NIR,1252,C,79 80 83 84 127 128 129 174 175 176 182 183 186 209 210 211 214 ,17
1SU4,A,3FGO,B,ACP,1007,B,174 186 188 202 205 442 487 492 493 494 515 516 517 561 562 628 678 ,17
2AIR,H,1ZA1,D,CTP, 902,D,2 3 9 10 11 12 17 19 20 56 58 60 82 84 86 89 90 91 94 96 ,20
1E2X,A,1H9G,A,MYR,1229,A,101 102 104 105 108 145 164 165 168 171 172 175 176 179 180 215 ,16
1MY0,B,1N0T,D,AT1, 266,D,13 16 61 89 90 91 96 138 140 141 142 143 144 174 193 195 196 220 ,18
1ZAH,B,2OT1,D,N3P,3004,D,34 42 58 272 302 303 306 307 310 ,9
4HB2,C,4HAT,C,LMB,1101,C,525 529 532 533 536 539 540 548 551 552 555 556 559 565 569 571 572 575 576 579 580 583 ,22
1BSQ,A,1GX8,A,RTL,1163,A,39 41 43 56 58 60 62 69 71 84 92 105 106 107 118 120 ,16
2GPO,A,1S9Q,B,CHD, 500,B,273 276 277 280 301 302 305 436 ,8
3FDL,A,2YXJ,A,N3C,1001,A,93 96 97 100 101 104 105 108 126 129 130 136 137 138 139 141 142 145 146 149 191 194 195 197 ,24
1B6B,A,1KUV,A,CA5, 901,A,55 56 60 62 63 64 121 122 123 124 125 126 130 131 132 133 134 135 136 137 158 159 160 161 163 164 167 168 170 183 186 188 ,32
1KZ7,D,1GRN,A,AF3, 200,A,10 11 12 13 16 17 33 34 35 58 59 60 61 ,13
1JWP,A,1PZO,A,CBT, 300,A, 130  216  217  220  235  236  237  244  245  246  263  276  279  221 224 225 250 261 280  283  284  286,22
3GXD,B,2WCG,A,MT5,1509,A,126 127 128 179 234 235 244 246 284 311 313 340 342 345 381 392 396 398 ,18
1BNC,B,2V5A,A,LZL,1447,A,131 157 159 165 166 169 201 202 203 204 207 209 233 236 278 287 288 437 ,18
1Z92,A,1PY2,A,FRH, 201,A,34 35 38 39 41 42 43 44 45 62 65 69 72 73 111 ,15
1JBU,H,1WUN,H,P5B,2001,H,57 60 94 95 96 97 98 99 189 190 191 192 195 213 214 215 216 217 219 220 226 227 228 ,23
